[{"model": "contenttypes.contenttype", "pk": 1, "fields": {"app_label": "admin", "model": "logentry"}}, {"model": "contenttypes.contenttype", "pk": 2, "fields": {"app_label": "auth", "model": "permission"}}, {"model": "contenttypes.contenttype", "pk": 3, "fields": {"app_label": "auth", "model": "group"}}, {"model": "contenttypes.contenttype", "pk": 4, "fields": {"app_label": "auth", "model": "user"}}, {"model": "contenttypes.contenttype", "pk": 5, "fields": {"app_label": "contenttypes", "model": "contenttype"}}, {"model": "contenttypes.contenttype", "pk": 6, "fields": {"app_label": "sessions", "model": "session"}}, {"model": "contenttypes.contenttype", "pk": 7, "fields": {"app_label": "blog", "model": "blogtype"}}, {"model": "contenttypes.contenttype", "pk": 8, "fields": {"app_label": "blog", "model": "blog"}}, {"model": "contenttypes.contenttype", "pk": 9, "fields": {"app_label": "blog", "model": "author"}}, {"model": "contenttypes.contenttype", "pk": 10, "fields": {"app_label": "blog", "model": "readnum"}}, {"model": "contenttypes.contenttype", "pk": 11, "fields": {"app_label": "read_statistics", "model": "readnum"}}, {"model": "contenttypes.contenttype", "pk": 12, "fields": {"app_label": "read_statistics", "model": "readdetail"}}, {"model": "contenttypes.contenttype", "pk": 13, "fields": {"app_label": "comment", "model": "comment"}}, {"model": "sessions.session", "pk": "1xklkfbedl3q8v7xsw4orxw3pj18o1hx", "fields": {"session_data": "OTA0MGI2NWE0MTE0ZmI2ODA3OWE4MmFmMDBiZjNlOGFjOTUwMjE0YTp7Il9hdXRoX3VzZXJfaWQiOiIxIiwiX2F1dGhfdXNlcl9iYWNrZW5kIjoiZGphbmdvLmNvbnRyaWIuYXV0aC5iYWNrZW5kcy5Nb2RlbEJhY2tlbmQiLCJfYXV0aF91c2VyX2hhc2giOiI0MTJmNzI4NDcyODU0MTBiY2JlZDgwNzgyYWZhN2UyZDkwMjA4ZGM1In0=", "expire_date": "2018-10-13T17:15:37.997Z"}}, {"model": "sessions.session", "pk": "arjorqatpwz4loixu8vf9fb4jzrh2hhk", "fields": {"session_data": "OTA0MGI2NWE0MTE0ZmI2ODA3OWE4MmFmMDBiZjNlOGFjOTUwMjE0YTp7Il9hdXRoX3VzZXJfaWQiOiIxIiwiX2F1dGhfdXNlcl9iYWNrZW5kIjoiZGphbmdvLmNvbnRyaWIuYXV0aC5iYWNrZW5kcy5Nb2RlbEJhY2tlbmQiLCJfYXV0aF91c2VyX2hhc2giOiI0MTJmNzI4NDcyODU0MTBiY2JlZDgwNzgyYWZhN2UyZDkwMjA4ZGM1In0=", "expire_date": "2018-10-14T12:51:24.569Z"}}, {"model": "blog.blogtype", "pk": 1, "fields": {"type_name": "\u5fc3\u60c5"}}, {"model": "blog.blogtype", "pk": 2, "fields": {"type_name": "\u96a8\u7b46"}}, {"model": "blog.blogtype", "pk": 3, "fields": {"type_name": "\u7b46\u8a18"}}, {"model": "read_statistics.readnum", "pk": 1, "fields": {"read_num": 14, "content_type": 8, "object_id": 36}}, {"model": "read_statistics.readnum", "pk": 2, "fields": {"read_num": 3, "content_type": 8, "object_id": 34}}, {"model": "read_statistics.readnum", "pk": 3, "fields": {"read_num": 3, "content_type": 8, "object_id": 35}}, {"model": "read_statistics.readnum", "pk": 4, "fields": {"read_num": 2, "content_type": 8, "object_id": 32}}, {"model": "read_statistics.readnum", "pk": 5, "fields": {"read_num": 2, "content_type": 8, "object_id": 33}}, {"model": "read_statistics.readnum", "pk": 6, "fields": {"read_num": 2, "content_type": 8, "object_id": 31}}, {"model": "read_statistics.readnum", "pk": 7, "fields": {"read_num": 4, "content_type": 8, "object_id": 30}}, {"model": "read_statistics.readnum", "pk": 8, "fields": {"read_num": 3, "content_type": 8, "object_id": 29}}, {"model": "read_statistics.readnum", "pk": 9, "fields": {"read_num": 2, "content_type": 8, "object_id": 28}}, {"model": "read_statistics.readnum", "pk": 10, "fields": {"read_num": 1, "content_type": 8, "object_id": 27}}, {"model": "read_statistics.readnum", "pk": 11, "fields": {"read_num": 1, "content_type": 8, "object_id": 3}}, {"model": "read_statistics.readdetail", "pk": 1, "fields": {"date": "2018-09-26", "read_num": 5, "content_type": 8, "object_id": 36}}, {"model": "read_statistics.readdetail", "pk": 2, "fields": {"date": "2018-09-27", "read_num": 2, "content_type": 8, "object_id": 31}}, {"model": "read_statistics.readdetail", "pk": 3, "fields": {"date": "2018-09-29", "read_num": 2, "content_type": 8, "object_id": 29}}, {"model": "read_statistics.readdetail", "pk": 4, "fields": {"date": "2018-09-29", "read_num": 2, "content_type": 8, "object_id": 28}}, {"model": "read_statistics.readdetail", "pk": 5, "fields": {"date": "2018-09-29", "read_num": 1, "content_type": 8, "object_id": 27}}, {"model": "read_statistics.readdetail", "pk": 6, "fields": {"date": "2018-09-29", "read_num": 1, "content_type": 8, "object_id": 35}}, {"model": "read_statistics.readdetail", "pk": 7, "fields": {"date": "2018-09-27", "read_num": 1, "content_type": 8, "object_id": 34}}, {"model": "read_statistics.readdetail", "pk": 8, "fields": {"date": "2018-09-29", "read_num": 1, "content_type": 8, "object_id": 33}}, {"model": "read_statistics.readdetail", "pk": 9, "fields": {"date": "2018-09-29", "read_num": 1, "content_type": 8, "object_id": 32}}, {"model": "read_statistics.readdetail", "pk": 10, "fields": {"date": "2018-09-29", "read_num": 1, "content_type": 8, "object_id": 3}}, {"model": "read_statistics.readdetail", "pk": 11, "fields": {"date": "2018-09-29", "read_num": 1, "content_type": 8, "object_id": 36}}, {"model": "read_statistics.readdetail", "pk": 12, "fields": {"date": "2018-09-30", "read_num": 1, "content_type": 8, "object_id": 36}}, {"model": "auth.permission", "pk": 1, "fields": {"name": "Can add log entry", "content_type": 1, "codename": "add_logentry"}}, {"model": "auth.permission", "pk": 2, "fields": {"name": "Can change log entry", "content_type": 1, "codename": "change_logentry"}}, {"model": "auth.permission", "pk": 3, "fields": {"name": "Can delete log entry", "content_type": 1, "codename": "delete_logentry"}}, {"model": "auth.permission", "pk": 4, "fields": {"name": "Can view log entry", "content_type": 1, "codename": "view_logentry"}}, {"model": "auth.permission", "pk": 5, "fields": {"name": "Can add permission", "content_type": 2, "codename": "add_permission"}}, {"model": "auth.permission", "pk": 6, "fields": {"name": "Can change permission", "content_type": 2, "codename": "change_permission"}}, {"model": "auth.permission", "pk": 7, "fields": {"name": "Can delete permission", "content_type": 2, "codename": "delete_permission"}}, {"model": "auth.permission", "pk": 8, "fields": {"name": "Can view permission", "content_type": 2, "codename": "view_permission"}}, {"model": "auth.permission", "pk": 9, "fields": {"name": "Can add group", "content_type": 3, "codename": "add_group"}}, {"model": "auth.permission", "pk": 10, "fields": {"name": "Can change group", "content_type": 3, "codename": "change_group"}}, {"model": "auth.permission", "pk": 11, "fields": {"name": "Can delete group", "content_type": 3, "codename": "delete_group"}}, {"model": "auth.permission", "pk": 12, "fields": {"name": "Can view group", "content_type": 3, "codename": "view_group"}}, {"model": "auth.permission", "pk": 13, "fields": {"name": "Can add user", "content_type": 4, "codename": "add_user"}}, {"model": "auth.permission", "pk": 14, "fields": {"name": "Can change user", "content_type": 4, "codename": "change_user"}}, {"model": "auth.permission", "pk": 15, "fields": {"name": "Can delete user", "content_type": 4, "codename": "delete_user"}}, {"model": "auth.permission", "pk": 16, "fields": {"name": "Can view user", "content_type": 4, "codename": "view_user"}}, {"model": "auth.permission", "pk": 17, "fields": {"name": "Can add content type", "content_type": 5, "codename": "add_contenttype"}}, {"model": "auth.permission", "pk": 18, "fields": {"name": "Can change content type", "content_type": 5, "codename": "change_contenttype"}}, {"model": "auth.permission", "pk": 19, "fields": {"name": "Can delete content type", "content_type": 5, "codename": "delete_contenttype"}}, {"model": "auth.permission", "pk": 20, "fields": {"name": "Can view content type", "content_type": 5, "codename": "view_contenttype"}}, {"model": "auth.permission", "pk": 21, "fields": {"name": "Can add session", "content_type": 6, "codename": "add_session"}}, {"model": "auth.permission", "pk": 22, "fields": {"name": "Can change session", "content_type": 6, "codename": "change_session"}}, {"model": "auth.permission", "pk": 23, "fields": {"name": "Can delete session", "content_type": 6, "codename": "delete_session"}}, {"model": "auth.permission", "pk": 24, "fields": {"name": "Can view session", "content_type": 6, "codename": "view_session"}}, {"model": "auth.permission", "pk": 25, "fields": {"name": "Can add blog type", "content_type": 7, "codename": "add_blogtype"}}, {"model": "auth.permission", "pk": 26, "fields": {"name": "Can change blog type", "content_type": 7, "codename": "change_blogtype"}}, {"model": "auth.permission", "pk": 27, "fields": {"name": "Can delete blog type", "content_type": 7, "codename": "delete_blogtype"}}, {"model": "auth.permission", "pk": 28, "fields": {"name": "Can view blog type", "content_type": 7, "codename": "view_blogtype"}}, {"model": "auth.permission", "pk": 29, "fields": {"name": "Can add blog", "content_type": 8, "codename": "add_blog"}}, {"model": "auth.permission", "pk": 30, "fields": {"name": "Can change blog", "content_type": 8, "codename": "change_blog"}}, {"model": "auth.permission", "pk": 31, "fields": {"name": "Can delete blog", "content_type": 8, "codename": "delete_blog"}}, {"model": "auth.permission", "pk": 32, "fields": {"name": "Can view blog", "content_type": 8, "codename": "view_blog"}}, {"model": "auth.permission", "pk": 33, "fields": {"name": "Can add author", "content_type": 9, "codename": "add_author"}}, {"model": "auth.permission", "pk": 34, "fields": {"name": "Can change author", "content_type": 9, "codename": "change_author"}}, {"model": "auth.permission", "pk": 35, "fields": {"name": "Can delete author", "content_type": 9, "codename": "delete_author"}}, {"model": "auth.permission", "pk": 36, "fields": {"name": "Can view author", "content_type": 9, "codename": "view_author"}}, {"model": "auth.permission", "pk": 37, "fields": {"name": "Can add read num", "content_type": 10, "codename": "add_readnum"}}, {"model": "auth.permission", "pk": 38, "fields": {"name": "Can change read num", "content_type": 10, "codename": "change_readnum"}}, {"model": "auth.permission", "pk": 39, "fields": {"name": "Can delete read num", "content_type": 10, "codename": "delete_readnum"}}, {"model": "auth.permission", "pk": 40, "fields": {"name": "Can view read num", "content_type": 10, "codename": "view_readnum"}}, {"model": "auth.permission", "pk": 41, "fields": {"name": "Can add read num", "content_type": 11, "codename": "add_readnum"}}, {"model": "auth.permission", "pk": 42, "fields": {"name": "Can change read num", "content_type": 11, "codename": "change_readnum"}}, {"model": "auth.permission", "pk": 43, "fields": {"name": "Can delete read num", "content_type": 11, "codename": "delete_readnum"}}, {"model": "auth.permission", "pk": 44, "fields": {"name": "Can view read num", "content_type": 11, "codename": "view_readnum"}}, {"model": "auth.permission", "pk": 45, "fields": {"name": "Can add read detail", "content_type": 12, "codename": "add_readdetail"}}, {"model": "auth.permission", "pk": 46, "fields": {"name": "Can change read detail", "content_type": 12, "codename": "change_readdetail"}}, {"model": "auth.permission", "pk": 47, "fields": {"name": "Can delete read detail", "content_type": 12, "codename": "delete_readdetail"}}, {"model": "auth.permission", "pk": 48, "fields": {"name": "Can view read detail", "content_type": 12, "codename": "view_readdetail"}}, {"model": "auth.permission", "pk": 49, "fields": {"name": "Can add comment", "content_type": 13, "codename": "add_comment"}}, {"model": "auth.permission", "pk": 50, "fields": {"name": "Can change comment", "content_type": 13, "codename": "change_comment"}}, {"model": "auth.permission", "pk": 51, "fields": {"name": "Can delete comment", "content_type": 13, "codename": "delete_comment"}}, {"model": "auth.permission", "pk": 52, "fields": {"name": "Can view comment", "content_type": 13, "codename": "view_comment"}}, {"model": "auth.user", "pk": 1, "fields": {"password": "pbkdf2_sha256$120000$FLOqkbqdgSUp$6ic/n7VMZMoUcNtdE/TNXAlCCQ805Cl9uMDUEuCaIZY=", "last_login": "2018-09-30T12:51:24.565Z", "is_superuser": true, "username": "hulk", "first_name": "", "last_name": "", "email": "hulk@gmail.com", "is_staff": true, "is_active": true, "date_joined": "2018-09-27T06:08:14Z", "groups": [], "user_permissions": []}}, {"model": "blog.blog", "pk": 3, "fields": {"title": "\u51fa\u5e2b\u8868-\u9577\u6587\u7ae0", "blog_type": 2, "content": "<p><img alt=\"\" src=\"/media/upload/2018/09/28/logo.pdf\" /><img alt=\"\" src=\"/media/upload/2018/09/28/-10.jpg\" style=\"height:240px\" />\u81e3\u4eae\u8a00\uff1a\u5148\u5e1d\u5275\u696d\u672a\u534a\uff0c\u800c\u4e2d\u9053\u5d29\u6b82\u3002\u4eca\u5929\u4e0b\u4e09\u5206\uff0c\u76ca\u5dde \u75b2\u5f0a\uff0c\u6b64\u8aa0\u5371\u6025\u5b58\u4ea1\u4e4b\u79cb\u4e5f\u3002\u7136\u4f8d\u885b\u4e4b\u81e3\uff0c\u4e0d\u61c8\u65bc\u5167\uff1b\u5fe0\u5fd7\u4e4b \u58eb\uff0c\u5fd8\u8eab\u65bc\u5916\u8005\uff0c\u84cb\u8ffd\u5148\u5e1d\u4e4b\u6b8a\u9047\uff0c\u6b32\u5831\u4e4b\u65bc\u965b\u4e0b\u4e5f\u3002\u8aa0\u5b9c\u958b \u5f35\u8056\u807d\uff0c\u4ee5\u5149\u5148\u5e1d\u907a\u5fb7\uff0c\u6062\u5f18\u5fd7\u58eb\u4e4b\u6c23\uff1b\u4e0d\u5b9c\u5984\u81ea\u83f2\u8584\uff0c\u5f15\u55bb \u5931\u7fa9\uff0c\u4ee5\u585e\u5fe0\u8aeb\u4e4b\u8def\u4e5f\u3002\u5bae\u4e2d\u5e9c\u4e2d\uff0c\u4ff1\u70ba\u4e00\u9ad4\uff0c\u965f\u7f70\u81e7\u5426\uff0c\u4e0d \u5b9c\u7570\u540c\u3002\u82e5\u6709\u4f5c\u59e6\u72af\u79d1\uff0c\u53ca\u70ba\u5fe0\u5584\u8005\uff0c\u5b9c\u4ed8\u6709\u53f8\uff0c\u8ad6\u5176\u5211\u8cde\uff0c \u4ee5\u662d\u965b\u4e0b\u5e73\u660e\u4e4b\u6cbb\uff0c\u4e0d\u5b9c\u7bc7\u79c1\uff0c\u4f7f\u5167\u5916\u7570\u6cd5\u4e5f\u3002 \u3000\u3000\u4f8d\u4e2d\u3001\u4f8d\u90ce\u90ed\u6538\u4e4b\u3001\u8cbb\u8918\u3001\u8463\u5141\u7b49\uff0c\u6b64\u7686\u826f\u5be6\uff0c\u5fd7\u616e\u5fe0\u7d14 \uff0c\u662f\u4ee5\u5148\u5e1d\u7c21\u62d4\u4ee5\u907a\u965b\u4e0b\u3002\u611a\u4ee5\u70ba\u5bae\u4e2d\u4e4b\u4e8b\uff0c\u4e8b\u7121\u5927\u5c0f\uff0c\u6089\u4ee5 \u54a8\u4e4b\uff0c\u7136\u5f8c\u65bd\u884c\uff0c\u5fc5\u80fd\u88e8\u88dc\u95d5\u6f0f\uff0c\u6709\u6240\u5ee3\u76ca\u3002\u5c07\u8ecd\u5411\u5bf5\uff0c\u6027\u884c \u6dd1\u5747\uff0c\u66c9\u66a2\u8ecd\u4e8b\uff0c\u8a66\u7528\u65bc\u6614\u65e5\uff0c\u5148\u5e1d\u7a31\u4e4b\u66f0\u300c\u80fd\u300d\uff0c\u662f\u4ee5\u773e\u8b70 \u8209\u5bf5\u70ba\u7763\u3002\u611a\u4ee5\u70ba\u71df\u4e2d\u4e4b\u4e8b\uff0c\u6089\u4ee5\u54a8\u4e4b\uff0c\u5fc5\u80fd\u4f7f\u884c\u9663\u548c\u7766\uff0c\u512a \u52a3\u5f97\u6240\u3002\u89aa\u8ce2\u81e3\uff0c\u9060\u5c0f\u4eba\uff0c\u6b64\u5148\u6f22\u6240\u4ee5\u8208\u9686\u4e5f\uff1b\u89aa\u5c0f\u4eba\uff0c\u9060\u8ce2 \u81e3\uff0c\u6b64\u5f8c\u6f22\u6240\u4ee5\u50be\u9839\u4e5f\u3002\u5148\u5e1d\u5728\u6642\uff0c\u6bcf\u8207\u81e3\u8ad6\u6b64\u4e8b\uff0c\u672a\u5617\u4e0d\u6b4e \u606f\u75db\u6068\u65bc\u6853\u3001\u9748\u4e5f\u3002\u4f8d\u4e2d\u3001\u5c1a\u66f8\u3001\u9577\u53f2\uff1b\u53c3\u8ecd\uff0c\u6b64\u6089\u8c9e\u826f\u6b7b\u7bc0 \u4e4b\u81e3\u4e5f\uff0c\u9858\u965b\u4e0b\u89aa\u4e4b\u4fe1\u4e4b\uff0c\u5247\u6f22\u5ba4\u4e4b\u9686\uff0c\u53ef\u8a08\u65e5\u800c\u5f85\u4e5f\u3002 \u3000\u3000\u81e3\u672c\u5e03\u8863\uff0c\u8eac\u8015\u65bc\u5357\u967d\uff0c\u82df\u5168\u6027\u547d\u65bc\u4e82\u4e16\uff0c\u4e0d\u6c42\u805e\u9054\u65bc\u8af8 \u4faf\u3002\u5148\u5e1d\u4e0d\u4ee5\u81e3\u5351\u9119\uff0c\u7325\u81ea\u6789\u5c48\uff0c\u4e09\u9867\u81e3\u65bc\u8349\u5eec\u4e4b\u4e2d\uff0c\u8aee\u81e3\u4ee5 \u7576\u4e16\u4e4b\u4e8b\uff0c\u7531\u662f\u611f\u6fc0\uff0c\u9042\u8a31\u5148\u5e1d\u4ee5\u9a45\u99b3\u3002\u5f8c\u503c\u50be\u8986\uff0c\u53d7\u4efb\u65bc\u6557 \u8ecd\u4e4b\u969b\uff0c\u5949\u547d\u65bc\u5371\u96e3\u4e4b\u9593\uff0c\u723e\u4f86\u4e8c\u5341\u6709\u4e00\u5e74\u77e3\uff01\u5148\u5e1d\u77e5\u81e3\u8b39\u614e \uff0c\u6545\u81e8\u5d29\u5bc4\u81e3\u4ee5\u5927\u4e8b\u4e5f\u3002\u53d7\u547d\u4ee5\u4f86\uff0c\u5919\u591c\u6182\u52e4\uff0c\u6050\u8a17\u4ed8\u4e0d\u6548\uff0c \u4ee5\u50b7\u5148\u5e1d\u4e4b\u660e\u3002\u6545\u4e94\u6708\u6e21\u7018\uff0c\u6df1\u5165\u4e0d\u6bdb\u3002\u4eca\u5357\u65b9\u5df2\u5b9a\uff0c\u5175\u7532\u5df2 \u8db3\uff0c\u7576\u734e\u7387\u4e09\u8ecd\uff0c\u5317\u5b9a\u4e2d\u539f\uff0c\u5eb6\u7aed\u99d1\u920d\uff0c\u6518\u9664\u5978\u51f6\uff0c\u8208\u5fa9\u6f22\u5ba4 \uff0c\u9084\u65bc\u820a\u90fd\uff1b\u6b64\u81e3\u6240\u4ee5\u5831\u5148\u5e1d\u800c\u5fe0\u965b\u4e0b\u4e4b\u8077\u5206\u4e5f\u3002\u81f3\u65bc\u659f\u914c\u640d \u76ca\uff0c\u9032\u76e1\u5fe0\u8a00\uff0c\u5247\u6538\u4e4b\u3001\u8918\u3001\u5141\u4e4b\u4efb\u4e5f\u3002 \u3000 \u9858\u965b\u4e0b\u8a17\u81e3\u4ee5\u8a0e\u8cca\u8208\u5fa9\u4e4b\u6548\uff1b\u4e0d\u6548\uff0c\u5247\u6cbb\u81e3\u4e4b\u7f6a\uff0c\u4ee5\u544a\u5148 \u5e1d\u4e4b\u9748\u3002\u82e5\u7121\u8208\u5fb7\u4e4b\u8a00\uff0c\u5247\u622e\u5141\u7b49\uff0c\u4ee5\u5f70\u5176\u6162\u3002\u965b\u4e0b\u4ea6\u5b9c\u81ea\u8ab2\uff0c \u4ee5\u8aee\u8acf\u5584\u9053\uff0c\u5bdf\u7d0d\u96c5\u8a00\uff0c\u6df1\u8ffd\u5148\u5e1d\u907a\u8a54\uff0c\u81e3\u4e0d\u52dd\u53d7\u6069\u611f\u6fc0\u3002 \u4eca\u7576\u9060\u96e2\uff0c\u81e8\u8868\u6d95\u6ce3\uff0c\u4e0d\u77e5\u6240\u4e91\u3002</p>", "author": 1, "created_time": "2018-09-27T08:54:30.058Z", "last_update_time": "2018-09-28T11:41:27.276Z"}}, {"model": "blog.blog", "pk": 4, "fields": {"title": "\u9577\u6068\u6b4c", "blog_type": 2, "content": "\u6f22\u7687\u91cd\u8272\u601d\u50be\u570b\uff0c\u5fa1\u5b87\u591a\u5e74\u6c42\u4e0d\u5f97\u3002\r\n\u694a\u5bb6\u6709\u5973\u521d\u9577\u6210\uff0c\u990a\u5728\u6df1\u95a8\u4eba\u672a\u8b58\u3002\r\n\u5929\u751f\u9e97\u8cea\u96e3\u81ea\u68c4\uff0c\u4e00\u671d\u9078\u5728\u541b\u738b\u5074\u3002\r\n\u56de\u7738\u4e00\u7b11\u767e\u5a9a\u751f\uff0c\u516d\u5bae\u7c89\u9edb\u7121\u984f\u8272\u3002\r\n\u6625\u5bd2\u8cdc\u6d74\u83ef\u6e05\u6c60\uff0c\u6eab\u6cc9\u6c34\u6ed1\u6d17\u51dd\u8102\u3002\r\n\u4f8d\u5152\u6276\u8d77\u5b0c\u7121\u529b\uff0c\u59cb\u662f\u65b0\u627f\u6069\u6fa4\u6642\u3002\r\n\u96f2\u9b22\u82b1\u984f\u91d1\u6b65\u6416\uff0c\u8299\u84c9\u5e33\u6696\u5ea6\u6625\u5bb5\u3002\r\n\u6625\u5bb5\u82e6\u77ed\u65e5\u9ad8\u8d77\uff0c\u5f9e\u6b64\u541b\u738b\u4e0d\u65e9\u671d\u3002\r\n\u627f\u6b61\u4f8d\u5bb4\u7121\u9591\u6687\uff0c\u6625\u5f9e\u6625\u904a\u591c\u5c08\u591c\u3002\r\n\u5f8c\u5bae\u4f73\u9e97\u4e09\u5343\u4eba\uff0c\u4e09\u5343\u5bf5\u611b\u5728\u4e00\u8eab\u3002\r\n\u91d1\u5c4b\u599d\u6210\u5b0c\u4f8d\u591c\uff0c\u7389\u6a13\u5bb4\u7f77\u9189\u548c\u6625\u3002\r\n\u59ca\u59b9\u5f1f\u5144\u7686\u5217\u571f\uff0c\u53ef\u6190\u5149\u5f69\u751f\u9580\u6236\u3002\r\n\u9042\u4ee4\u5929\u4e0b\u7236\u6bcd\u5fc3\uff0c\u4e0d\u91cd\u751f\u7537\u91cd\u751f\u5973\u3002\r\n\u9a6a\u5bae\u9ad8\u8655\u5165\u9752\u96f2\uff0c\u4ed9\u6a02\u98a8\u98c4\u8655\u8655\u805e\u3002\r\n\u7de9\u6b4c\u6162\u821e\u51dd\u7d72\u7af9\uff0c\u76e1\u65e5\u541b\u738b\u770b\u4e0d\u8db3\u3002\r\n\u6f01\u967d\u9f19\u9f13\u52d5\u5730\u4f86\uff0c\u9a5a\u7834\u9713\u88f3\u7fbd\u8863\u66f2\u3002\r\n\u4e5d\u91cd\u57ce\u95d5\u7159\u5875\u751f\uff0c\u5343\u4e58\u842c\u9a0e\u897f\u5357\u884c\u3002\r\n\u7fe0\u83ef\u6416\u6416\u884c\u5fa9\u6b62\uff0c\u897f\u51fa\u90fd\u9580\u767e\u9918\u91cc\u3002\r\n\u516d\u8ecd\u4e0d\u767c\u7121\u5948\u4f55\uff0c\u5b9b\u8f49\u86fe\u7709\u99ac\u524d\u6b7b\u3002\r\n\u82b1\u923f\u59d4\u5730\u7121\u4eba\u6536\uff0c\u7fe0\u7ff9\u91d1\u96c0\u7389\u6414\u982d\u3002\r\n\u541b\u738b\u63a9\u9762\u6551\u4e0d\u5f97\uff0c\u56de\u770b\u8840\u6dda\u76f8\u548c\u6d41\u3002\r\n\u9ec3\u57c3\u6563\u6f2b\u98a8\u856d\u7d22\uff0c\u96f2\u68e7\u7e08\u7d06\u767b\u5292\u95a3\u3002\r\n\u5ce8\u5d4b\u5c71\u4e0b\u5c11\u4eba\u884c\uff0c\u65cc\u65d7\u7121\u5149\u65e5\u8272\u8584\u3002\r\n\u8700\u6c5f\u6c34\u78a7\u8700\u5c71\u9752\uff0c\u8056\u4e3b\u671d\u671d\u66ae\u66ae\u60c5\u3002\r\n\u884c\u5bae\u898b\u6708\u50b7\u5fc3\u8272\uff0c\u591c\u96e8\u805e\u9234\u8178\u65b7\u8072\u3002\r\n\u5929\u65cb\u65e5\u8f49\u8ff4\u9f8d\u99ad\uff0c\u5230\u6b64\u8e8a\u8e87\u4e0d\u80fd\u53bb\u3002\r\n\u99ac\u5d6c\u5761\u4e0b\u6ce5\u571f\u4e2d\uff0c\u4e0d\u898b\u7389\u984f\u7a7a\u6b7b\u8655\u3002\r\n\u541b\u81e3\u76f8\u9867\u76e1\u6cbe\u8863\uff0c\u6771\u671b\u90fd\u9580\u4fe1\u99ac\u6b78\u3002\r\n\u6b78\u4f86\u6c60\u82d1\u7686\u4f9d\u820a\uff0c\u592a\u6db2\u8299\u84c9\u672a\u592e\u67f3\u3002\r\n\u8299\u84c9\u5982\u9762\u67f3\u5982\u7709\uff0c\u5c0d\u6b64\u5982\u4f55\u4e0d\u6dda\u5782\u3002\r\n\u6625\u98a8\u6843\u674e\u82b1\u958b\u65e5\uff0c\u79cb\u96e8\u68a7\u6850\u8449\u843d\u6642\u3002\r\n\u897f\u5bae\u5357\u5167\u591a\u79cb\u8349\uff0c\u843d\u8449\u6eff\u968e\u7d05\u4e0d\u6383\u3002\r\n\u68a8\u5712\u5f1f\u5b50\u767d\u9aee\u65b0\uff0c\u6912\u623f\u963f\u76e3\u9752\u5a25\u8001\u3002\r\n\u5915\u6bbf\u87a2\u98db\u601d\u6084\u7136\uff0c\u5b64\u71c8\u6311\u76e1\u672a\u6210\u7720\u3002\r\n\u9072\u9072\u9418\u9f13\u521d\u9577\u591c\uff0c\u803f\u803f\u661f\u6cb3\u6b32\u66d9\u5929\u3002\r\n\u9d1b\u9d26\u74e6\u51b7\u971c\u83ef\u91cd\uff0c\u7fe1\u7fe0\u887e\u5bd2\u8ab0\u8207\u5171\u3002\r\n\u60a0\u60a0\u751f\u6b7b\u5225\u7d93\u5e74\uff0c\u9b42\u9b44\u4e0d\u66fe\u4f86\u5165\u5922\u3002\r\n\u81e8\u909b\u9053\u58eb\u9d3b\u90fd\u5ba2\uff0c\u80fd\u4ee5\u7cbe\u8aa0\u81f4\u9b42\u9b44\u3002\r\n\u70ba\u611f\u541b\u738b\u8f3e\u8f49\u601d\uff0c\u9042\u6559\u65b9\u58eb\u6bb7\u52e4\u8993\u3002\r\n\u6392\u7a7a\u99ad\u6c23\u5954\u5982\u96fb\uff0c\u5347\u5929\u5165\u5730\u6c42\u4e4b\u904d\u3002\r\n\u4e0a\u7aae\u78a7\u843d\u4e0b\u9ec3\u6cc9\uff0c\u5169\u8655\u832b\u832b\u7686\u4e0d\u898b\u3002\r\n\u5ffd\u805e\u6d77\u4e0a\u6709\u4ed9\u5c71\uff0c\u5c71\u5728\u865b\u7121\u7e39\u7df2\u9593\u3002\r\n\u6a13\u95a3\u73b2\u74cf\u4e94\u96f2\u8d77\uff0c\u5176\u4e2d\u7dbd\u7d04\u591a\u4ed9\u5b50\u3002\r\n\u4e2d\u6709\u4e00\u4eba\u5b57\u592a\u771f\uff0c\u96ea\u819a\u82b1\u8c8c\u53c3\u5dee\u662f\u3002\r\n\u91d1\u95d5\u897f\u5ec2\u53e9\u7389\u6243\uff0c\u8f49\u6559\u5c0f\u7389\u5831\u96d9\u6210\u3002\r\n\u805e\u9053\u6f22\u5bb6\u5929\u5b50\u4f7f\uff0c\u4e5d\u83ef\u5e33\u88cf\u5922\u9b42\u9a5a\u3002\r\n\u652c\u8863\u63a8\u6795\u8d77\u5f98\u5f8a\uff0c\u73e0\u7b94\u9280\u5c4f\u8fe4\u9090\u958b\u3002\r\n\u96f2\u9afb\u534a\u504f\u65b0\u7761\u89ba\uff0c\u82b1\u51a0\u4e0d\u6574\u4e0b\u5802\u4f86\u3002\r\n\u98a8\u5439\u4ed9\u8882\u98c4\u98bb\u8209\uff0c\u7336\u4f3c\u9713\u88f3\u7fbd\u8863\u821e\u3002\r\n\u7389\u5bb9\u5bc2\u5bde\u6dda\u95cc\u5e72\uff0c\u68a8\u82b1\u4e00\u679d\u6625\u5e36\u96e8\u3002\r\n\u542b\u60c5\u51dd\u7747\u8b1d\u541b\u738b\uff0c\u4e00\u5225\u97f3\u5bb9\u5169\u6e3a\u832b\u3002\r\n\u662d\u967d\u6bbf\u88cf\u6069\u611b\u7d55\uff0c\u84ec\u840a\u5bae\u4e2d\u65e5\u6708\u9577\u3002\r\n\u56de\u982d\u4e0b\u671b\u4eba\u5bf0\u8655\uff0c\u4e0d\u898b\u9577\u5b89\u898b\u5875\u9727\u3002\r\n\u552f\u5c07\u820a\u7269\u8868\u6df1\u60c5\uff0c\u923f\u5408\u91d1\u91f5\u5bc4\u5c07\u53bb\u3002\r\n\u91f5\u7559\u4e00\u80a1\u5408\u4e00\u6247\uff0c\u91f5\u64d8\u9ec3\u91d1\u5408\u5206\u923f\u3002\r\n\u4f46\u6559\u5fc3\u4f3c\u91d1\u923f\u5805\uff0c\u5929\u4e0a\u4eba\u9593\u6703\u76f8\u898b\u3002\r\n\u81e8\u5225\u6bb7\u52e4\u91cd\u5bc4\u8a5e\uff0c\u8a5e\u4e2d\u6709\u8a93\u5169\u5fc3\u77e5\u3002\r\n\u4e03\u6708\u4e03\u65e5\u9577\u751f\u6bbf\uff0c\u591c\u534a\u7121\u4eba\u79c1\u8a9e\u6642\u3002\r\n\u5728\u5929\u9858\u4f5c\u6bd4\u7ffc\u9ce5\uff0c\u5728\u5730\u9858\u70ba\u9023\u7406\u679d\u3002\r\n\u5929\u9577\u5730\u4e45\u6709\u6642\u76e1\uff0c\u6b64\u6068\u7dbf\u7dbf\u7121\u7d55\u671f\u3002", "author": 1, "created_time": "2018-09-27T09:41:35.834Z", "last_update_time": "2018-09-27T09:41:35.834Z"}}, {"model": "blog.blog", "pk": 5, "fields": {"title": "\u5929\u6c23\u611f\u60f31", "blog_type": 1, "content": "\u4eca\u5929\u9670\u9670\u7684", "author": 1, "created_time": "2018-09-27T09:42:38.865Z", "last_update_time": "2018-09-27T09:42:38.865Z"}}, {"model": "blog.blog", "pk": 6, "fields": {"title": "shell\u4e0b\u7b2c\u4e00\u7bc7", "blog_type": 1, "content": "xxxxx", "author": 1, "created_time": "2018-09-28T02:05:29.483Z", "last_update_time": "2018-09-28T02:05:29.484Z"}}, {"model": "blog.blog", "pk": 7, "fields": {"title": "for 1", "blog_type": 1, "content": "xxx:1", "author": 1, "created_time": "2018-09-28T02:22:07.573Z", "last_update_time": "2018-09-28T02:22:07.573Z"}}, {"model": "blog.blog", "pk": 8, "fields": {"title": "for 2", "blog_type": 1, "content": "xxx:2", "author": 1, "created_time": "2018-09-28T02:22:07.668Z", "last_update_time": "2018-09-28T02:22:07.668Z"}}, {"model": "blog.blog", "pk": 9, "fields": {"title": "for 3", "blog_type": 1, "content": "xxx:3", "author": 1, "created_time": "2018-09-28T02:22:07.780Z", "last_update_time": "2018-09-28T02:22:07.780Z"}}, {"model": "blog.blog", "pk": 10, "fields": {"title": "for 4", "blog_type": 1, "content": "xxx:4", "author": 1, "created_time": "2018-09-28T02:22:07.875Z", "last_update_time": "2018-09-28T02:22:07.875Z"}}, {"model": "blog.blog", "pk": 11, "fields": {"title": "for 5", "blog_type": 1, "content": "xxx:5", "author": 1, "created_time": "2018-09-28T02:22:07.971Z", "last_update_time": "2018-09-28T02:22:07.972Z"}}, {"model": "blog.blog", "pk": 12, "fields": {"title": "for 6", "blog_type": 1, "content": "xxx:6", "author": 1, "created_time": "2018-09-28T02:22:08.058Z", "last_update_time": "2018-09-28T02:22:08.058Z"}}, {"model": "blog.blog", "pk": 13, "fields": {"title": "for 7", "blog_type": 1, "content": "xxx:7", "author": 1, "created_time": "2018-09-28T02:22:08.163Z", "last_update_time": "2018-09-28T02:22:08.163Z"}}, {"model": "blog.blog", "pk": 14, "fields": {"title": "for 8", "blog_type": 1, "content": "xxx:8", "author": 1, "created_time": "2018-09-28T02:22:08.250Z", "last_update_time": "2018-09-28T02:22:08.250Z"}}, {"model": "blog.blog", "pk": 15, "fields": {"title": "for 9", "blog_type": 1, "content": "xxx:9", "author": 1, "created_time": "2018-09-28T02:22:08.346Z", "last_update_time": "2018-09-28T02:22:08.346Z"}}, {"model": "blog.blog", "pk": 16, "fields": {"title": "for 10", "blog_type": 1, "content": "xxx:10", "author": 1, "created_time": "2018-09-28T02:22:08.434Z", "last_update_time": "2018-09-28T02:22:08.434Z"}}, {"model": "blog.blog", "pk": 17, "fields": {"title": "for 11", "blog_type": 1, "content": "xxx:11", "author": 1, "created_time": "2018-09-28T02:22:08.530Z", "last_update_time": "2018-09-28T02:22:08.530Z"}}, {"model": "blog.blog", "pk": 18, "fields": {"title": "for 12", "blog_type": 1, "content": "xxx:12", "author": 1, "created_time": "2018-09-28T02:22:08.617Z", "last_update_time": "2018-09-28T02:22:08.617Z"}}, {"model": "blog.blog", "pk": 19, "fields": {"title": "for 13", "blog_type": 1, "content": "xxx:13", "author": 1, "created_time": "2018-09-28T02:22:08.734Z", "last_update_time": "2018-09-28T02:22:08.734Z"}}, {"model": "blog.blog", "pk": 20, "fields": {"title": "for 14", "blog_type": 1, "content": "xxx:14", "author": 1, "created_time": "2018-09-28T02:22:08.838Z", "last_update_time": "2018-09-28T02:22:08.838Z"}}, {"model": "blog.blog", "pk": 21, "fields": {"title": "for 15", "blog_type": 1, "content": "xxx:15", "author": 1, "created_time": "2018-09-28T02:22:08.934Z", "last_update_time": "2018-09-28T02:22:08.934Z"}}, {"model": "blog.blog", "pk": 22, "fields": {"title": "for 16", "blog_type": 1, "content": "xxx:16", "author": 1, "created_time": "2018-09-28T02:22:09.038Z", "last_update_time": "2018-09-28T02:22:09.038Z"}}, {"model": "blog.blog", "pk": 23, "fields": {"title": "for 17", "blog_type": 1, "content": "xxx:17", "author": 1, "created_time": "2018-09-28T02:22:09.134Z", "last_update_time": "2018-09-28T02:22:09.134Z"}}, {"model": "blog.blog", "pk": 24, "fields": {"title": "for 18", "blog_type": 1, "content": "xxx:18", "author": 1, "created_time": "2018-09-28T02:22:09.238Z", "last_update_time": "2018-09-28T02:22:09.238Z"}}, {"model": "blog.blog", "pk": 25, "fields": {"title": "for 19", "blog_type": 1, "content": "xxx:19", "author": 1, "created_time": "2018-09-28T02:22:09.333Z", "last_update_time": "2018-09-28T02:22:09.333Z"}}, {"model": "blog.blog", "pk": 26, "fields": {"title": "for 20", "blog_type": 1, "content": "xxx:20", "author": 1, "created_time": "2018-09-28T02:22:09.438Z", "last_update_time": "2018-09-28T02:22:09.438Z"}}, {"model": "blog.blog", "pk": 27, "fields": {"title": "for 21", "blog_type": 1, "content": "xxx:21", "author": 1, "created_time": "2018-09-28T02:22:09.534Z", "last_update_time": "2018-09-28T02:22:09.534Z"}}, {"model": "blog.blog", "pk": 28, "fields": {"title": "for 22", "blog_type": 1, "content": "xxx:22", "author": 1, "created_time": "2018-09-28T02:22:09.630Z", "last_update_time": "2018-09-28T02:22:09.630Z"}}, {"model": "blog.blog", "pk": 29, "fields": {"title": "for 23", "blog_type": 1, "content": "xxx:23", "author": 1, "created_time": "2018-09-28T02:22:09.734Z", "last_update_time": "2018-09-28T02:22:09.734Z"}}, {"model": "blog.blog", "pk": 30, "fields": {"title": "for 24", "blog_type": 1, "content": "xxx:24", "author": 1, "created_time": "2018-09-28T02:22:09.830Z", "last_update_time": "2018-09-28T02:22:09.830Z"}}, {"model": "blog.blog", "pk": 31, "fields": {"title": "for 25", "blog_type": 1, "content": "xxx:25", "author": 1, "created_time": "2018-09-28T02:22:09.942Z", "last_update_time": "2018-09-28T02:22:09.942Z"}}, {"model": "blog.blog", "pk": 32, "fields": {"title": "for 26", "blog_type": 1, "content": "xxx:26", "author": 1, "created_time": "2018-09-28T02:22:10.046Z", "last_update_time": "2018-09-28T02:22:10.046Z"}}, {"model": "blog.blog", "pk": 33, "fields": {"title": "for 27", "blog_type": 1, "content": "xxx:27", "author": 1, "created_time": "2018-09-28T02:22:10.150Z", "last_update_time": "2018-09-28T12:16:30.233Z"}}, {"model": "blog.blog", "pk": 34, "fields": {"title": "for 28", "blog_type": 1, "content": "xxx:28", "author": 1, "created_time": "2018-09-28T02:22:10.255Z", "last_update_time": "2018-09-28T12:15:32.644Z"}}, {"model": "blog.blog", "pk": 35, "fields": {"title": "for 29", "blog_type": 1, "content": "xxx:29", "author": 1, "created_time": "2018-09-28T02:22:10.358Z", "last_update_time": "2018-09-28T12:29:52.925Z"}}, {"model": "blog.blog", "pk": 36, "fields": {"title": "for 30", "blog_type": 1, "content": "xxx:30", "author": 1, "created_time": "2018-09-28T02:22:10.463Z", "last_update_time": "2018-09-28T12:28:01.413Z"}}, {"model": "comment.comment", "pk": 1, "fields": {"content_type": 8, "object_id": 36, "text": "123", "comment_time": "2018-09-29T11:15:26.372Z", "user": 1}}, {"model": "comment.comment", "pk": 2, "fields": {"content_type": 8, "object_id": 36, "text": "123", "comment_time": "2018-09-29T11:17:06.216Z", "user": 1}}, {"model": "comment.comment", "pk": 3, "fields": {"content_type": 8, "object_id": 36, "text": "123", "comment_time": "2018-09-29T11:19:47.584Z", "user": 1}}, {"model": "comment.comment", "pk": 4, "fields": {"content_type": 8, "object_id": 36, "text": "456", "comment_time": "2018-09-29T11:22:18.394Z", "user": 1}}, {"model": "comment.comment", "pk": 5, "fields": {"content_type": 8, "object_id": 36, "text": "789", "comment_time": "2018-09-29T11:39:42.373Z", "user": 1}}, {"model": "admin.logentry", "pk": 1, "fields": {"action_time": "2018-09-27T06:43:57.438Z", "user": 1, "content_type": 7, "object_id": "1", "object_repr": "BlogType object (1)", "action_flag": 1, "change_message": "[{\"added\": {}}]"}}, {"model": "admin.logentry", "pk": 2, "fields": {"action_time": "2018-09-27T06:44:20.570Z", "user": 1, "content_type": 7, "object_id": "2", "object_repr": "BlogType object (2)", "action_flag": 1, "change_message": "[{\"added\": {}}]"}}, {"model": "admin.logentry", "pk": 3, "fields": {"action_time": "2018-09-27T06:44:30.906Z", "user": 1, "content_type": 7, "object_id": "3", "object_repr": "BlogType object (3)", "action_flag": 1, "change_message": "[{\"added\": {}}]"}}, {"model": "admin.logentry", "pk": 4, "fields": {"action_time": "2018-09-27T06:56:54.038Z", "user": 1, "content_type": 8, "object_id": "1", "object_repr": "<Blog: \u7b2c\u4e00\u7bc7\u90e8\u843d\u683c>", "action_flag": 1, "change_message": "[{\"added\": {}}]"}}, {"model": "admin.logentry", "pk": 5, "fields": {"action_time": "2018-09-27T08:44:29.326Z", "user": 1, "content_type": 8, "object_id": "1", "object_repr": "<Blog: \u7b2c\u4e00\u7bc7\u6587\u7ae0>", "action_flag": 2, "change_message": "[{\"changed\": {\"fields\": [\"title\"]}}]"}}, {"model": "admin.logentry", "pk": 6, "fields": {"action_time": "2018-09-27T08:45:09.622Z", "user": 1, "content_type": 8, "object_id": "2", "object_repr": "<Blog: \u7b2c\u4e8c\u7bc7\u6587\u7ae0>", "action_flag": 1, "change_message": "[{\"added\": {}}]"}}, {"model": "admin.logentry", "pk": 7, "fields": {"action_time": "2018-09-27T08:51:20.982Z", "user": 1, "content_type": 8, "object_id": "2", "object_repr": "<Blog: \u7b2c\u4e8c\u7bc7\u6587\u7ae0>", "action_flag": 3, "change_message": ""}}, {"model": "admin.logentry", "pk": 8, "fields": {"action_time": "2018-09-27T08:51:21.085Z", "user": 1, "content_type": 8, "object_id": "1", "object_repr": "<Blog: \u7b2c\u4e00\u7bc7\u6587\u7ae0>", "action_flag": 3, "change_message": ""}}, {"model": "admin.logentry", "pk": 9, "fields": {"action_time": "2018-09-27T08:54:30.060Z", "user": 1, "content_type": 8, "object_id": "3", "object_repr": "<Blog: \u51fa\u5e2b\u8868-\u9577\u6587\u7ae0>", "action_flag": 1, "change_message": "[{\"added\": {}}]"}}, {"model": "admin.logentry", "pk": 10, "fields": {"action_time": "2018-09-27T09:41:35.835Z", "user": 1, "content_type": 8, "object_id": "4", "object_repr": "<Blog: \u9577\u6068\u6b4c>", "action_flag": 1, "change_message": "[{\"added\": {}}]"}}, {"model": "admin.logentry", "pk": 11, "fields": {"action_time": "2018-09-27T09:42:38.866Z", "user": 1, "content_type": 8, "object_id": "5", "object_repr": "<Blog: \u5929\u6c23\u611f\u60f31>", "action_flag": 1, "change_message": "[{\"added\": {}}]"}}, {"model": "admin.logentry", "pk": 12, "fields": {"action_time": "2018-09-28T11:41:27.287Z", "user": 1, "content_type": 8, "object_id": "3", "object_repr": "<Blog: \u51fa\u5e2b\u8868-\u9577\u6587\u7ae0>", "action_flag": 2, "change_message": "[{\"changed\": {\"fields\": [\"content\"]}}]"}}, {"model": "admin.logentry", "pk": 13, "fields": {"action_time": "2018-09-28T13:04:30.017Z", "user": 1, "content_type": 10, "object_id": "1", "object_repr": "ReadNum object (1)", "action_flag": 1, "change_message": "[{\"added\": {}}]"}}, {"model": "admin.logentry", "pk": 14, "fields": {"action_time": "2018-09-28T14:43:06.404Z", "user": 1, "content_type": 11, "object_id": "1", "object_repr": "ReadNum object (1)", "action_flag": 1, "change_message": "[{\"added\": {}}]"}}, {"model": "admin.logentry", "pk": 15, "fields": {"action_time": "2018-09-28T16:00:56.726Z", "user": 1, "content_type": 12, "object_id": "1", "object_repr": "ReadDetail object (1)", "action_flag": 1, "change_message": "[{\"added\": {}}]"}}, {"model": "admin.logentry", "pk": 16, "fields": {"action_time": "2018-09-28T16:42:52.441Z", "user": 1, "content_type": 12, "object_id": "9", "object_repr": "ReadDetail object (9)", "action_flag": 2, "change_message": "[{\"changed\": {\"fields\": [\"date\"]}}]"}}, {"model": "admin.logentry", "pk": 17, "fields": {"action_time": "2018-09-28T16:43:24.748Z", "user": 1, "content_type": 12, "object_id": "1", "object_repr": "ReadDetail object (1)", "action_flag": 2, "change_message": "[]"}}, {"model": "admin.logentry", "pk": 18, "fields": {"action_time": "2018-09-28T16:43:29.785Z", "user": 1, "content_type": 12, "object_id": "1", "object_repr": "ReadDetail object (1)", "action_flag": 2, "change_message": "[]"}}, {"model": "admin.logentry", "pk": 19, "fields": {"action_time": "2018-09-28T16:43:36.015Z", "user": 1, "content_type": 12, "object_id": "1", "object_repr": "ReadDetail object (1)", "action_flag": 2, "change_message": "[{\"changed\": {\"fields\": [\"date\"]}}]"}}, {"model": "admin.logentry", "pk": 20, "fields": {"action_time": "2018-09-28T16:43:40.590Z", "user": 1, "content_type": 12, "object_id": "2", "object_repr": "ReadDetail object (2)", "action_flag": 2, "change_message": "[{\"changed\": {\"fields\": [\"date\"]}}]"}}, {"model": "admin.logentry", "pk": 21, "fields": {"action_time": "2018-09-28T16:43:45.865Z", "user": 1, "content_type": 12, "object_id": "1", "object_repr": "ReadDetail object (1)", "action_flag": 2, "change_message": "[{\"changed\": {\"fields\": [\"date\"]}}]"}}, {"model": "admin.logentry", "pk": 22, "fields": {"action_time": "2018-09-28T16:43:51.187Z", "user": 1, "content_type": 12, "object_id": "3", "object_repr": "ReadDetail object (3)", "action_flag": 2, "change_message": "[{\"changed\": {\"fields\": [\"date\"]}}]"}}, {"model": "admin.logentry", "pk": 23, "fields": {"action_time": "2018-09-28T16:43:55.570Z", "user": 1, "content_type": 12, "object_id": "4", "object_repr": "ReadDetail object (4)", "action_flag": 2, "change_message": "[{\"changed\": {\"fields\": [\"date\"]}}]"}}, {"model": "admin.logentry", "pk": 24, "fields": {"action_time": "2018-09-28T16:44:00.414Z", "user": 1, "content_type": 12, "object_id": "5", "object_repr": "ReadDetail object (5)", "action_flag": 2, "change_message": "[{\"changed\": {\"fields\": [\"date\"]}}]"}}, {"model": "admin.logentry", "pk": 25, "fields": {"action_time": "2018-09-28T16:44:05.431Z", "user": 1, "content_type": 12, "object_id": "6", "object_repr": "ReadDetail object (6)", "action_flag": 2, "change_message": "[{\"changed\": {\"fields\": [\"date\"]}}]"}}, {"model": "admin.logentry", "pk": 26, "fields": {"action_time": "2018-09-28T16:44:09.321Z", "user": 1, "content_type": 12, "object_id": "7", "object_repr": "ReadDetail object (7)", "action_flag": 2, "change_message": "[{\"changed\": {\"fields\": [\"date\"]}}]"}}, {"model": "admin.logentry", "pk": 27, "fields": {"action_time": "2018-09-28T16:44:15.038Z", "user": 1, "content_type": 12, "object_id": "8", "object_repr": "ReadDetail object (8)", "action_flag": 2, "change_message": "[{\"changed\": {\"fields\": [\"date\"]}}]"}}, {"model": "admin.logentry", "pk": 28, "fields": {"action_time": "2018-09-28T16:46:06.862Z", "user": 1, "content_type": 12, "object_id": "2", "object_repr": "ReadDetail object (2)", "action_flag": 2, "change_message": "[{\"changed\": {\"fields\": [\"date\"]}}]"}}, {"model": "admin.logentry", "pk": 29, "fields": {"action_time": "2018-09-28T16:46:11.489Z", "user": 1, "content_type": 12, "object_id": "2", "object_repr": "ReadDetail object (2)", "action_flag": 2, "change_message": "[]"}}, {"model": "admin.logentry", "pk": 30, "fields": {"action_time": "2018-09-28T16:46:12.540Z", "user": 1, "content_type": 12, "object_id": "2", "object_repr": "ReadDetail object (2)", "action_flag": 2, "change_message": "[]"}}, {"model": "admin.logentry", "pk": 31, "fields": {"action_time": "2018-09-28T16:46:21.405Z", "user": 1, "content_type": 12, "object_id": "7", "object_repr": "ReadDetail object (7)", "action_flag": 2, "change_message": "[{\"changed\": {\"fields\": [\"date\"]}}]"}}, {"model": "admin.logentry", "pk": 32, "fields": {"action_time": "2018-09-28T16:46:29.112Z", "user": 1, "content_type": 12, "object_id": "1", "object_repr": "ReadDetail object (1)", "action_flag": 2, "change_message": "[{\"changed\": {\"fields\": [\"date\"]}}]"}}, {"model": "admin.logentry", "pk": 33, "fields": {"action_time": "2018-09-29T15:27:44.884Z", "user": 1, "content_type": 4, "object_id": "2", "object_repr": "thor", "action_flag": 3, "change_message": ""}}, {"model": "admin.logentry", "pk": 34, "fields": {"action_time": "2018-09-29T15:45:03.191Z", "user": 1, "content_type": 4, "object_id": "3", "object_repr": "thor", "action_flag": 3, "change_message": ""}}, {"model": "admin.logentry", "pk": 35, "fields": {"action_time": "2018-09-29T15:49:15.314Z", "user": 1, "content_type": 4, "object_id": "4", "object_repr": "uyk", "action_flag": 3, "change_message": ""}}, {"model": "admin.logentry", "pk": 36, "fields": {"action_time": "2018-09-29T16:42:20.086Z", "user": 1, "content_type": 4, "object_id": "5", "object_repr": "ghjk", "action_flag": 3, "change_message": ""}}, {"model": "admin.logentry", "pk": 37, "fields": {"action_time": "2018-09-29T17:05:52.736Z", "user": 1, "content_type": 4, "object_id": "1", "object_repr": "hulk", "action_flag": 2, "change_message": "[{\"changed\": {\"fields\": [\"email\"]}}]"}}]